{
  "model_1": {
    "cv_r2_mean": 0.9402030353945514,
    "cv_r2_std": 0.0010274374231143395,
    "cv_mae_mean": 0.03357764297033518,
    "cv_mae_std": -0.00024873681711633764,
    "test_r2": 0.9404290636968141,
    "test_mae": 0.03361021620007322,
    "test_rmse": 0.041615239982009035,
    "features_count": 4
  },
  "model_2": {
    "cv_accuracy_mean": 0.9788571428571429,
    "cv_accuracy_std": 0.001847226271456524,
    "cv_f1_mean": 0.9783504750727932,
    "cv_f1_std": 0.001961132874503525,
    "test_accuracy": 0.9788,
    "test_f1": 0.9782616967858294,
    "features_count": 2
  }
}